{
	"title":"Server Status Data",
	"created":"08-12-2016 16:55:00PM IST",
	"author":"NNG",
	"data":[
			{
				"lane":"1",
				"discription":"",
				"systems":[
							{
								"os":"MAC",
								"ip":"192.168.10.126",
								"discription":"Elvis/Enterprise"
							}
				]
			},
			{
				"lane":"2",
				"discription":"",
				"systems":[
							{
								"os":"MAC 10.11.7",
								"ip":"192.168.10.97:8000",
								"discription":"For Enterprise Server"
							},
							{
								"os":"MAC ",
								"ip":"192.168.10.119",
								"discription":"Unknown"
							},
							{
								"os":"MAC ",
								"ip":"192.168.10.90",
								"discription":"Unknown"
							},
							{
								"os":"MAC ",
								"ip":"192.168.10.96",
								"discription":"Enterprise"
							}
				]
			},
			{
				"lane":"3",
				"discription":"Sidewall Servers",
				"systems":[
							{
								"os":"Windows Server 2012",
								"ip":"192.168.10.113",
								"discription":"Windows IIS Server."
							},
							{
								"os":"Windows Server",
								"ip":"192.168.10.114",
								"discription":"Windows IIS Server."
							}
				]
			},
			{
				"lane":"4",
				"discription":"",
				"systems":[
							{
								"os":"MAC",
								"ip":"unknown",
								"discription":""
							}
				]
			}
	]
}